<?xml version="1.0" encoding="UTF-8"?>
<project-private xmlns="http://www.netbeans.org/ns/project-private/1">
    <editor-bookmarks xmlns="http://www.netbeans.org/ns/editor-bookmarks/2" lastBookmarkId="0"/>
    <open-files xmlns="http://www.netbeans.org/ns/projectui-open-files/2">
        <group>
            <file>file:/C:/Users/LUIS/Desktop/PIA/src/java/modelo/Persona.java</file>
            <file>file:/C:/Users/LUIS/Desktop/PIA/web/error.jsp</file>
            <file>file:/C:/Users/LUIS/Desktop/PIA/web/exito.jsp</file>
            <file>file:/C:/Users/LUIS/Desktop/PIA/src/java/controlador/Login.java</file>
            <file>file:/C:/Users/LUIS/Desktop/PIA/web/index.jsp</file>
            <file>file:/C:/Users/LUIS/Desktop/PIA/web/perfil.jsp</file>
            <file>file:/C:/Users/LUIS/Desktop/PIA/src/java/controlador/Procesar.java</file>
            <file>file:/C:/Users/LUIS/Desktop/PIA/web/login.jsp</file>
        </group>
    </open-files>
</project-private>
